"Path","Platform","Compiled","Cooked","Permutations","Compiletime","CompiledDouble","CookedDouble"
"/Game/BossAIToolkit/Demo/FX/Materials/Environment/M_RockSlab.M_RockSlab","0","0","6","1","0.000000","0","6"
"/Game/BossAIToolkit/Demo/FX/Materials/Debris/M_ImposterRock_Masked_MASTER.M_ImposterRock_Masked_MASTER","0","0","48","1","0.000000","0","0"
"/Game/BossAIToolkit/Demo/FX/Materials/Debris/M_ImposterRock_Translucent_MASTER.M_ImposterRock_Translucent_MASTER","0","0","36","1","0.000000","0","0"
"/InterchangeAssets/gltf/M_ClearCoat.M_ClearCoat","0","0","136","6","0.000000","0","0"
"/Game/Characters/Mannequins/Materials/M_Mannequin.M_Mannequin","0","0","20","2","0.000000","0","10"
"/InterchangeAssets/gltf/M_Sheen.M_Sheen","0","0","120","6","0.000000","0","0"
"/InterchangeAssets/gltf/M_Default.M_Default","0","0","136","6","0.000000","0","0"
"/InterchangeAssets/gltf/M_Transmission.M_Transmission","0","0","36","2","0.000000","0","0"
"/InterchangeAssets/gltf/M_Unlit.M_Unlit","0","0","100","6","0.000000","0","0"
"/SpeedTreeImporter/SpeedTree9/SpeedTreeMaster.SpeedTreeMaster","0","0","32","1","0.000000","0","0"
"/SpeedTreeImporter/SpeedTree9/SpeedTreeBillboardMaster.SpeedTreeBillboardMaster","0","0","32","1","0.000000","0","0"
"/InterchangeAssets/gltf/M_SpecularGlossiness.M_SpecularGlossiness","0","0","120","6","0.000000","0","0"
"/Game/BossAIToolkit/Demo/DemoRoom/Materials/M_DemoWallPattern.M_DemoWallPattern","0","0","9","3","0.000000","0","0"
"/Game/BossAIToolkit/Demo/FX/Materials/Decals/M_RuneDecal.M_RuneDecal","0","0","35","1","0.000000","0","0"
"/Game/BossAIToolkit/Demo/FX/Materials/Trails/m_CountessBlinkRibbon.m_CountessBlinkRibbon","0","0","10","1","0.000000","0","0"
"/Game/BossAIToolkit/Demo/Mannequin/Character/Materials/M_UE4Man_Body.M_UE4Man_Body","0","0","64","2","0.000000","0","0"
"/Game/BossAIToolkit/Demo/FX/Materials/Splines/M_Countess_Spline_Spiral.M_Countess_Spline_Spiral","0","0","18","1","0.000000","0","0"
"/Game/BossAIToolkit/Demo/FX/Materials/Heroes/M_SparksPhoto_GPU_Rand.M_SparksPhoto_GPU_Rand","0","0","36","1","0.000000","0","0"
"/Engine/EngineMaterials/Widget3DPassThrough.Widget3DPassThrough","0","0","50","6","0.000000","0","5"
"/Game/BossAIToolkit/Demo/FX/Materials/Heroes/M_Shockwave_Refraction_Soft.M_Shockwave_Refraction_Soft","0","0","18","1","0.000000","0","0"
"/Game/BossAIToolkit/Demo/FX/Materials/Heroes/M_Sonic_Shockwave.M_Sonic_Shockwave","0","0","45","1","0.000000","0","0"
"/Game/BossAIToolkit/Demo/FX/Materials/Heroes/Terra/Abilities/M_Terra_Boom_Shield_Impact.M_Terra_Boom_Shield_Impact","0","0","36","1","0.000000","0","0"
"/Game/BossAIToolkit/Demo/FX/Materials/Shockwave/M_SteelImpactRefraction.M_SteelImpactRefraction","0","0","48","1","0.000000","0","0"
"/Game/BossAIToolkit/Demo/FX/Materials/Smoke/WispySmokeSoft/M_Turbulent_SmokeSubUV_RandomColorVaration.M_Turbulent_SmokeSubUV_RandomColorVaration","0","0","30","2","0.000000","0","0"
"/Game/BossAIToolkit/Demo/FX/Materials/Sparks/M_hardSpark_Alpha_GPU_Random.M_hardSpark_Alpha_GPU_Random","0","0","15","1","0.000000","0","0"
"/Engine/EditorLandscapeResources/LandscapeLayerUsageMaterial.LandscapeLayerUsageMaterial","0","0","2","1","0.000000","0","0"
"/Game/BossAIToolkit/Demo/DemoRoom/Materials/M_Glass.M_Glass","0","0","8","1","0.000000","0","8"
"/Game/BossAIToolkit/Demo/FX/Materials/Sparks/M_Hotdog_Spark_VLerp_DOF_Rand_Master.M_Hotdog_Spark_VLerp_DOF_Rand_Master","0","0","36","1","0.000000","0","0"
"/Game/BossAIToolkit/Demo/FX/Materials/Chroma/M_SphereChromaWisps.M_SphereChromaWisps","0","0","54","2","0.000000","0","0"
"/Game/BossAIToolkit/Demo/FX/Materials/Fire/M_Terra_Block_Smoke.M_Terra_Block_Smoke","0","0","72","2","0.000000","0","0"
"/Game/BossAIToolkit/Demo/FX/Materials/Heroes/Terra/Abilities/M_TerraHitArc.M_TerraHitArc","0","0","72","2","0.000000","0","0"
"/Game/BossAIToolkit/Assets/Decals/Materials/M_Telegraph_Sub.M_Telegraph_Sub","0","0","13","1","0.000000","0","0"
"/Game/BossAIToolkit/Demo/FX/Materials/Debris/M_Explosion_RockChunks.M_Explosion_RockChunks","0","0","48","1","0.000000","0","0"
"/Game/BossAIToolkit/Demo/FX/Materials/Flares/M_Anime_Flare.M_Anime_Flare","0","0","36","1","0.000000","0","0"
"/Engine/EditorLandscapeResources/SelectBrushMaterial.SelectBrushMaterial","0","0","10","2","0.000000","0","0"
"/Engine/VREditor/SnapGrid/SnapGridMaterial.SnapGridMaterial","0","0","14","1","0.000000","0","0"
"/Game/BossAIToolkit/Assets/Decals/Materials/M_Telegraph.M_Telegraph","0","0","13","1","0.000000","0","0"
"/Game/BossAIToolkit/Demo/FX/Materials/Flares/M_SevarogSpeed2.M_SevarogSpeed2","0","0","18","1","0.000000","0","0"
"/Game/BossAIToolkit/Demo/FX/Materials/Energy/M_SevarogSwirls.M_SevarogSwirls","0","0","18","1","0.000000","0","0"
"/Game/BossAIToolkit/Demo/FX/Materials/Sparks/M_SoulEmbers.M_SoulEmbers","0","0","24","1","0.000000","0","0"
"/Engine/EditorLandscapeResources/MaskBrushMaterial.MaskBrushMaterial","0","0","5","1","0.000000","0","5"
"/Paper2D/DefaultSpriteMaterial.DefaultSpriteMaterial","0","0","42","2","0.000000","0","0"
"/Game/BossAIToolkit/Demo/DemoRoom/Materials/M_DemoRoomTiles.M_DemoRoomTiles","0","0","6","1","0.000000","0","0"
"/Game/BossAIToolkit/Demo/FX/Materials/Fire/M_radial_ramp.M_radial_ramp","0","0","20","1","0.000000","0","0"
"/Game/BossAIToolkit/Demo/FX/Materials/Fire/M_explosion_subUV.M_explosion_subUV","0","0","15","1","0.000000","0","0"
"/Game/BossAIToolkit/Demo/FX/Materials/Fire/M_Burst.M_Burst","0","0","21","1","0.000000","0","0"
"/Game/BossAIToolkit/Demo/FX/Materials/Debris/M_RockPile_MeshEmit_01.M_RockPile_MeshEmit_01","0","0","12","1","0.000000","0","0"
"/Engine/EngineSky/M_Sky_Panning_Clouds2.M_Sky_Panning_Clouds2","0","0","2","1","0.000000","0","0"
"/Game/MilitaryWeapDark/FX/Materials/M_SparksImpact_2x2_01.M_SparksImpact_2x2_01","0","0","15","1","0.000000","0","0"
"/Game/MilitaryWeapDark/FX/Materials/M_Ember_Speed_01.M_Ember_Speed_01","0","0","15","1","0.000000","0","0"
"/Game/MilitaryWeapDark/FX/Materials/M_Smoke_8x8_B_01.M_Smoke_8x8_B_01","0","0","24","1","0.000000","0","0"
"/Game/BossAIToolkit/Demo/FX/Materials/Fire/M_Fire_Procedural_Round.M_Fire_Procedural_Round","0","0","15","1","0.000000","0","0"
"/Game/BossAIToolkit/Demo/FX/Materials/Fire/M_smoke_subUV.M_smoke_subUV","0","0","24","1","0.000000","0","0"
"/Game/BossAIToolkit/Demo/FX/Materials/Heroes/Terra/Abilities/M_Terra_ChromaticFresnel.M_Terra_ChromaticFresnel","0","0","28","1","0.000000","0","0"
"/Game/BossAIToolkit/Demo/FX/Materials/Smoke/M_ShadowSwirls_BrightColors.M_ShadowSwirls_BrightColors","0","0","15","1","0.000000","0","0"
"/Game/BossAIToolkit/Demo/FX/Materials/Smoke/M_ThickSmoke_MASTER.M_ThickSmoke_MASTER","0","0","24","1","0.000000","0","0"
"/Game/BossAIToolkit/Demo/FX/Materials/Flares/M_Flare_Procedural_Noise_Tex_Glow2.M_Flare_Procedural_Noise_Tex_Glow2","0","0","28","1","0.000000","0","0"
"/Game/BossAIToolkit/Demo/FX/Materials/Debris/M_BlurRocks_Fakelit.M_BlurRocks_Fakelit","0","0","24","1","0.000000","0","0"
"/Game/BossAIToolkit/Demo/FX/Materials/Heroes/Terra/Abilities/M_SphereChromaWisps_Terra_sweep.M_SphereChromaWisps_Terra_sweep","0","0","36","1","0.000000","0","0"
"/Game/Assets/Enemy/Mutant/mutant_M.mutant_M","0","0","6","1","0.000000","0","0"
"/Game/BossAIToolkit/Demo/FX/Materials/Debris/M_DebrisChunks_FakeLit.M_DebrisChunks_FakeLit","0","0","24","1","0.000000","0","0"
"/Game/BossAIToolkit/Demo/FX/Materials/Debris/M_Rock_Dissolve.M_Rock_Dissolve","0","0","64","1","0.000000","0","0"
"/Game/BossAIToolkit/Demo/FX/Materials/Flares/M_Cone_Flare_Master.M_Cone_Flare_Master","0","0","21","1","0.000000","0","0"
"/Game/BossAIToolkit/Demo/FX/Materials/Flares/M_Flare_Master.M_Flare_Master","0","0","20","1","0.000000","0","0"
"/Game/BossAIToolkit/Demo/FX/Materials/Flares/M_Shockwave_Core.M_Shockwave_Core","0","0","14","1","0.000000","0","0"
"/Game/BossAIToolkit/Demo/FX/Materials/Environment/Snow/M_Snow_SubUV_.M_Snow_SubUV_","0","0","24","1","0.000000","0","0"
"/Game/BossAIToolkit/Demo/FX/Materials/Shockwave/M_Rampage_Refract_Sphere.M_Rampage_Refract_Sphere","0","0","14","1","0.000000","0","0"
"/Game/BossAIToolkit/Demo/FX/Materials/Flares/M_Lensflare_TB_Soft.M_Lensflare_TB_Soft","0","0","15","1","0.000000","0","0"
"/Game/BossAIToolkit/Demo/FX/Materials/Flares/M_ArrowFlare.M_ArrowFlare","0","0","15","1","0.000000","0","0"
"/Game/MilitaryWeapDark/FX/Materials/M_Pistol_Streaks_01.M_Pistol_Streaks_01","0","0","15","1","0.000000","0","0"
"/Game/MilitaryWeapDark/FX/Materials/M_AssaultRifle_MuzzleFlash_4x1.M_AssaultRifle_MuzzleFlash_4x1","0","0","15","1","0.000000","0","0"
"/Game/MilitaryWeapDark/FX/Materials/M_Pistol_Smoke_2x2_A.M_Pistol_Smoke_2x2_A","0","0","24","1","0.000000","0","0"
"/Game/MilitaryWeapDark/FX/Materials/M_GlowSphere_01.M_GlowSphere_01","0","0","20","1","0.000000","0","0"
"/Game/MilitaryWeapDark/Weapons/Materials/M_WeaponMaster_01.M_WeaponMaster_01","0","0","6","1","0.000000","0","0"
"/Game/BossAIToolkit/Demo/FX/Materials/Smoke/WispySmokeSoft/M_ShadowSwirls_v2.M_ShadowSwirls_v2","0","0","15","1","0.000000","0","0"
"/Game/BossAIToolkit/Demo/FX/Materials/Energy/M_SoulHand4.M_SoulHand4","0","0","20","1","0.000000","0","0"
"/Game/BossAIToolkit/Demo/FX/Materials/Fire/M_Shockwave.M_Shockwave","0","0","44","1","0.000000","0","0"
"/Game/BossAIToolkit/Demo/FX/Materials/Shockwave/M_ShockwaveFlame.M_ShockwaveFlame","0","0","14","1","0.000000","0","0"
"/Game/BossAIToolkit/Demo/FX/Materials/Sparks/M_Spark_VelocityLerp.M_Spark_VelocityLerp","0","0","36","1","0.000000","0","0"
"/Game/BossAIToolkit/Demo/FX/Materials/Smoke/WispySmokeSoft/M_ShadowSwirls_v1.M_ShadowSwirls_v1","0","0","24","1","0.000000","0","0"
"/Game/BossAIToolkit/Demo/FX/Materials/Smoke/M_ShadowSwirls_Masked.M_ShadowSwirls_Masked","0","0","48","1","0.000000","0","0"
"/Game/BossAIToolkit/Demo/FX/Materials/Smoke/M_Rampage_Smoke_Cheaper.M_Rampage_Smoke_Cheaper","0","0","24","1","0.000000","0","0"
"/Game/BossAIToolkit/Demo/FX/Materials/Heroes/M_Terra_Smoke_Cheaper.M_Terra_Smoke_Cheaper","0","0","24","1","0.000000","0","0"
"/Engine/EngineMaterials/DefaultParticle.DefaultParticle","0","0","90","1","0.000000","0","0"
"/Game/BossAIToolkit/Demo/FX/Materials/Sparks/M_Hotdog_Spark_VLerp_CameraStretch.M_Hotdog_Spark_VLerp_CameraStretch","0","0","15","1","0.000000","0","0"
"/Game/BossAIToolkit/Demo/FX/Materials/Sparks/M_Hotdog_Spark_VLerp_MASTER.M_Hotdog_Spark_VLerp_MASTER","0","0","20","1","0.000000","0","0"
"/Game/BossAIToolkit/Demo/FX/Materials/Heroes/M_SparksPhoto.M_SparksPhoto","0","0","20","1","0.000000","0","0"
"/Game/BossAIToolkit/Demo/FX/Materials/Heroes/M_Terra_Halo.M_Terra_Halo","0","0","25","1","0.000000","0","0"
"/Engine/EngineMaterials/DefaultPostProcessMaterial.DefaultPostProcessMaterial","0","0","7","1","0.000000","0","0"
"/Engine/EngineDebugMaterials/M_VolumeRenderSphereTracePP.M_VolumeRenderSphereTracePP","0","0","5","1","0.000000","0","0"
"/Game/BossAIToolkit/Demo/DemoRoom/Materials/M_DemoWall.M_DemoWall","0","0","21","1","0.000000","0","0"
"/Engine/EngineMaterials/PhAT_JointLimitMaterial.PhAT_JointLimitMaterial","0","0","9","1","0.000000","0","0"
"/Engine/EditorLandscapeResources/LayerVisMaterial.LayerVisMaterial","0","0","2","1","0.000000","0","0"
"/Engine/EngineMaterials/DefaultTextMaterialOpaque.DefaultTextMaterialOpaque","0","0","16","1","0.000000","0","0"
"/Game/BossAIToolkit/Demo/DemoRoom/Materials/M_LightTube.M_LightTube","0","0","2","1","0.000000","0","0"
"/Engine/EditorMaterials/PreviewShadowIndicatorMaterial.PreviewShadowIndicatorMaterial","0","0","25","1","0.000000","0","0"
"/Game/BossAIToolkit/Demo/DemoRoom/Materials/M_DefaultTextMaterialTranslucentUnlit.M_DefaultTextMaterialTranslucentUnlit","0","0","10","1","0.000000","0","0"
"/Engine/VREditor/TransformGizmo/TransformGizmoMaterial.TransformGizmoMaterial","0","0","2","1","0.000000","0","0"
"/ControlRig/M_Manip.M_Manip","0","0","9","1","0.000000","0","0"
"/Engine/EditorLandscapeResources/ColorMaskBrushMaterial.ColorMaskBrushMaterial","0","0","5","1","0.000000","0","0"
"/Engine/EditorLandscapeResources/LandscapeDirtyMaterial.LandscapeDirtyMaterial","0","0","5","1","0.000000","0","0"
"/Engine/EngineMaterials/EmissiveMeshMaterial.EmissiveMeshMaterial","0","0","14","1","0.000000","0","0"
"/Engine/EngineMaterials/M_InvalidLightmapSettings.M_InvalidLightmapSettings","0","0","6","1","0.000000","0","0"
"/Engine/EngineMaterials/FlattenMaterial.FlattenMaterial","0","0","9","1","0.000000","0","0"
"/Engine/EngineMaterials/FlattenMaterial_VT.FlattenMaterial_VT","0","0","6","1","0.000000","0","0"
"/Engine/EngineMaterials/FlattenMaterial_WS_Normal_VT.FlattenMaterial_WS_Normal_VT","0","0","6","1","0.000000","0","0"
"/Game/BossAIToolkit/Demo/FX/Materials/Fire/m_flare_01.m_flare_01","0","0","20","1","0.000000","0","0"
"/Game/BossAIToolkit/Assets/Weapons/M_Weapons_Metal.M_Weapons_Metal","0","0","6","1","0.000000","0","0"
"/Game/BossAIToolkit/Assets/Weapons/M_Shield_Metal.M_Shield_Metal","0","0","6","1","0.000000","0","0"
"/Engine/EngineMaterials/DefaultDeferredDecalMaterial.DefaultDeferredDecalMaterial","0","0","39","1","0.000000","0","0"
"/HairStrands/Materials/HairDebugMaterial.HairDebugMaterial","0","0","63","1","0.000000","0","0"
"/Engine/EngineMaterials/WorldGridMaterial.WorldGridMaterial","0","0","356","1","0.000000","0","0"
"/Engine/EngineMaterials/DefaultMaterial.DefaultMaterial","0","0","24","1","0.000000","0","0"
"/Game/BossAIToolkit/Assets/Weapons/M_Shield_Wood.M_Shield_Wood","0","0","6","1","0.000000","0","0"
"/Game/BossAIToolkit/Demo/M_Material_Base.M_Material_Base","0","0","9","1","0.000000","0","0"
"/Game/BossAIToolkit/Assets/Geometry/Meshes/M_CubeMaterial.M_CubeMaterial","0","0","3","1","0.000000","0","0"
"/Game/BossAIToolkit/Assets/Weapons/M_Wave.M_Wave","0","0","7","1","0.000000","0","0"
"/Game/BossAIToolkit/Assets/Weapons/M_Projectile_02.M_Projectile_02","0","0","3","1","0.000000","0","0"
"/Game/BossAIToolkit/Assets/Weapons/M_Projectile_01.M_Projectile_01","0","0","3","1","0.000000","0","0"
"/Game/Assets/Materials/WallMaterial.WallMaterial","0","0","7","1","0.000000","0","0"
"/Engine/EngineMaterials/PPM_DefaultCalibrationGrayscale.PPM_DefaultCalibrationGrayscale","0","0","5","1","0.000000","0","0"
"/Engine/EngineMaterials/PPM_DefaultCalibrationColor.PPM_DefaultCalibrationColor","0","0","5","1","0.000000","0","0"
"/CameraCalibrationCore/Materials/M_DefaultOddSquare.M_DefaultOddSquare","0","0","4","1","0.000000","0","0"
"/CameraCalibrationCore/Materials/M_DefaultEvenSquare.M_DefaultEvenSquare","0","0","4","1","0.000000","0","0"
"/Engine/VREditor/TransformGizmo/Main.Main","0","0","5","1","0.000000","0","0"
"/Engine/VREditor/TransformGizmo/Xray.Xray","0","0","3","1","0.000000","0","0"
"/Engine/EngineMaterials/DefaultLightFunctionMaterial.DefaultLightFunctionMaterial","0","0","25","1","0.000000","0","0"
"/Engine/EditorMaterials/Camera/CineMat.CineMat","0","0","6","1","0.000000","0","0"
"/Engine/EditorLandscapeResources/SplineEditorMeshMat.SplineEditorMeshMat","0","0","12","1","0.000000","0","0"
"/HairStrands/Materials/HairDefaultMaterial.HairDefaultMaterial","0","0","36","1","0.000000","0","0"
"/HairStrands/Materials/HairCardsDefaultMaterial.HairCardsDefaultMaterial","0","0","63","1","0.000000","0","0"
"/HairStrands/Materials/HairMeshesDefaultMaterial.HairMeshesDefaultMaterial","0","0","36","1","0.000000","0","0"
"/Engine/VREditor/TransformGizmo/TranslucentTransformGizmoMaterial.TranslucentTransformGizmoMaterial","0","0","5","1","0.000000","0","0"
"/Engine/EngineDebugMaterials/M_SimpleUnlitTranslucent.M_SimpleUnlitTranslucent","0","0","5","1","0.000000","0","0"
"/Game/BossAIToolkit/Demo/FX/Materials/Environment/M_RockSlab.M_RockSlab","49","0","11","1","0.000000","0","11"
"/Game/BossAIToolkit/Demo/FX/Materials/Debris/M_ImposterRock_Masked_MASTER.M_ImposterRock_Masked_MASTER","49","0","60","1","0.000000","0","0"
"/Game/BossAIToolkit/Demo/FX/Materials/Debris/M_ImposterRock_Translucent_MASTER.M_ImposterRock_Translucent_MASTER","49","0","41","1","0.000000","0","0"
"/InterchangeAssets/gltf/M_ClearCoat.M_ClearCoat","49","0","184","6","0.000000","0","0"
"/Game/Characters/Mannequins/Materials/M_Mannequin.M_Mannequin","49","0","30","2","0.000000","0","15"
"/InterchangeAssets/gltf/M_Sheen.M_Sheen","49","0","168","6","0.000000","0","0"
"/InterchangeAssets/gltf/M_Default.M_Default","49","0","184","6","0.000000","0","0"
"/InterchangeAssets/gltf/M_Transmission.M_Transmission","49","0","54","2","0.000000","0","0"
"/InterchangeAssets/gltf/M_Unlit.M_Unlit","49","0","264","6","0.000000","0","0"
"/SpeedTreeImporter/SpeedTree9/SpeedTreeMaster.SpeedTreeMaster","49","0","48","1","0.000000","0","0"
"/SpeedTreeImporter/SpeedTree9/SpeedTreeBillboardMaster.SpeedTreeBillboardMaster","49","0","48","1","0.000000","0","0"
"/InterchangeAssets/gltf/M_SpecularGlossiness.M_SpecularGlossiness","49","0","168","6","0.000000","0","0"
"/Game/BossAIToolkit/Demo/DemoRoom/Materials/M_DemoWallPattern.M_DemoWallPattern","49","0","24","3","0.000000","0","0"
"/Game/BossAIToolkit/Demo/FX/Materials/Decals/M_RuneDecal.M_RuneDecal","49","0","38","1","0.000000","0","0"
"/Game/BossAIToolkit/Demo/FX/Materials/Trails/m_CountessBlinkRibbon.m_CountessBlinkRibbon","49","0","15","1","0.000000","0","0"
"/Game/BossAIToolkit/Demo/Mannequin/Character/Materials/M_UE4Man_Body.M_UE4Man_Body","49","0","84","2","0.000000","0","0"
"/Game/BossAIToolkit/Demo/FX/Materials/Splines/M_Countess_Spline_Spiral.M_Countess_Spline_Spiral","49","0","23","1","0.000000","0","0"
"/Game/BossAIToolkit/Demo/FX/Materials/Heroes/M_SparksPhoto_GPU_Rand.M_SparksPhoto_GPU_Rand","49","0","44","1","0.000000","0","0"
"/Engine/EngineMaterials/Widget3DPassThrough.Widget3DPassThrough","49","0","86","6","0.000000","0","10"
"/Game/BossAIToolkit/Demo/FX/Materials/Heroes/M_Shockwave_Refraction_Soft.M_Shockwave_Refraction_Soft","49","0","23","1","0.000000","0","0"
"/Game/BossAIToolkit/Demo/FX/Materials/Heroes/M_Sonic_Shockwave.M_Sonic_Shockwave","49","0","50","1","0.000000","0","0"
"/Game/BossAIToolkit/Demo/FX/Materials/Heroes/Terra/Abilities/M_Terra_Boom_Shield_Impact.M_Terra_Boom_Shield_Impact","49","0","41","1","0.000000","0","0"
"/Game/BossAIToolkit/Demo/FX/Materials/Shockwave/M_SteelImpactRefraction.M_SteelImpactRefraction","49","0","53","1","0.000000","0","0"
"/Game/BossAIToolkit/Demo/FX/Materials/Smoke/WispySmokeSoft/M_Turbulent_SmokeSubUV_RandomColorVaration.M_Turbulent_SmokeSubUV_RandomColorVaration","49","0","40","2","0.000000","0","0"
"/Game/BossAIToolkit/Demo/FX/Materials/Sparks/M_hardSpark_Alpha_GPU_Random.M_hardSpark_Alpha_GPU_Random","49","0","20","1","0.000000","0","0"
"/Engine/EditorLandscapeResources/LandscapeLayerUsageMaterial.LandscapeLayerUsageMaterial","49","0","7","1","0.000000","0","0"
"/Game/BossAIToolkit/Demo/DemoRoom/Materials/M_Glass.M_Glass","49","0","13","1","0.000000","0","13"
"/Game/BossAIToolkit/Demo/FX/Materials/Sparks/M_Hotdog_Spark_VLerp_DOF_Rand_Master.M_Hotdog_Spark_VLerp_DOF_Rand_Master","49","0","44","1","0.000000","0","0"
"/Game/BossAIToolkit/Demo/FX/Materials/Chroma/M_SphereChromaWisps.M_SphereChromaWisps","49","0","68","2","0.000000","0","0"
"/Game/BossAIToolkit/Demo/FX/Materials/Fire/M_Terra_Block_Smoke.M_Terra_Block_Smoke","49","0","82","2","0.000000","0","0"
"/Game/BossAIToolkit/Demo/FX/Materials/Heroes/Terra/Abilities/M_TerraHitArc.M_TerraHitArc","49","0","82","2","0.000000","0","0"
"/Game/BossAIToolkit/Assets/Decals/Materials/M_Telegraph_Sub.M_Telegraph_Sub","49","0","16","1","0.000000","0","0"
"/Game/BossAIToolkit/Demo/FX/Materials/Debris/M_Explosion_RockChunks.M_Explosion_RockChunks","49","0","56","1","0.000000","0","0"
"/Game/BossAIToolkit/Demo/FX/Materials/Flares/M_Anime_Flare.M_Anime_Flare","49","0","44","1","0.000000","0","0"
"/Engine/EditorLandscapeResources/SelectBrushMaterial.SelectBrushMaterial","49","0","20","2","0.000000","0","0"
"/Engine/VREditor/SnapGrid/SnapGridMaterial.SnapGridMaterial","49","0","22","1","0.000000","0","0"
"/Game/BossAIToolkit/Assets/Decals/Materials/M_Telegraph.M_Telegraph","49","0","16","1","0.000000","0","0"
"/Game/BossAIToolkit/Demo/FX/Materials/Flares/M_SevarogSpeed2.M_SevarogSpeed2","49","0","23","1","0.000000","0","0"
"/Game/BossAIToolkit/Demo/FX/Materials/Energy/M_SevarogSwirls.M_SevarogSwirls","49","0","23","1","0.000000","0","0"
"/Game/BossAIToolkit/Demo/FX/Materials/Sparks/M_SoulEmbers.M_SoulEmbers","49","0","29","1","0.000000","0","0"
"/Engine/EditorLandscapeResources/MaskBrushMaterial.MaskBrushMaterial","49","0","10","1","0.000000","0","10"
"/Paper2D/DefaultSpriteMaterial.DefaultSpriteMaterial","49","0","64","2","0.000000","0","0"
"/Game/BossAIToolkit/Demo/DemoRoom/Materials/M_DemoRoomTiles.M_DemoRoomTiles","49","0","11","1","0.000000","0","0"
"/Game/BossAIToolkit/Demo/FX/Materials/Fire/M_radial_ramp.M_radial_ramp","49","0","25","1","0.000000","0","0"
"/Game/BossAIToolkit/Demo/FX/Materials/Fire/M_explosion_subUV.M_explosion_subUV","49","0","20","1","0.000000","0","0"
"/Game/BossAIToolkit/Demo/FX/Materials/Fire/M_Burst.M_Burst","49","0","26","1","0.000000","0","0"
"/Game/BossAIToolkit/Demo/FX/Materials/Debris/M_RockPile_MeshEmit_01.M_RockPile_MeshEmit_01","49","0","17","1","0.000000","0","0"
"/Engine/EngineSky/M_Sky_Panning_Clouds2.M_Sky_Panning_Clouds2","49","0","7","1","0.000000","0","0"
"/Game/MilitaryWeapDark/FX/Materials/M_SparksImpact_2x2_01.M_SparksImpact_2x2_01","49","0","20","1","0.000000","0","0"
"/Game/MilitaryWeapDark/FX/Materials/M_Ember_Speed_01.M_Ember_Speed_01","49","0","20","1","0.000000","0","0"
"/Game/MilitaryWeapDark/FX/Materials/M_Smoke_8x8_B_01.M_Smoke_8x8_B_01","49","0","29","1","0.000000","0","0"
"/Game/BossAIToolkit/Demo/FX/Materials/Fire/M_Fire_Procedural_Round.M_Fire_Procedural_Round","49","0","20","1","0.000000","0","0"
"/Game/BossAIToolkit/Demo/FX/Materials/Fire/M_smoke_subUV.M_smoke_subUV","49","0","29","1","0.000000","0","0"
"/Game/BossAIToolkit/Demo/FX/Materials/Heroes/Terra/Abilities/M_Terra_ChromaticFresnel.M_Terra_ChromaticFresnel","49","0","36","1","0.000000","0","0"
"/Game/BossAIToolkit/Demo/FX/Materials/Smoke/M_ShadowSwirls_BrightColors.M_ShadowSwirls_BrightColors","49","0","20","1","0.000000","0","0"
"/Game/BossAIToolkit/Demo/FX/Materials/Smoke/M_ThickSmoke_MASTER.M_ThickSmoke_MASTER","49","0","29","1","0.000000","0","0"
"/Game/BossAIToolkit/Demo/FX/Materials/Flares/M_Flare_Procedural_Noise_Tex_Glow2.M_Flare_Procedural_Noise_Tex_Glow2","49","0","33","1","0.000000","0","0"
"/Game/BossAIToolkit/Demo/FX/Materials/Debris/M_BlurRocks_Fakelit.M_BlurRocks_Fakelit","49","0","29","1","0.000000","0","0"
"/Game/BossAIToolkit/Demo/FX/Materials/Heroes/Terra/Abilities/M_SphereChromaWisps_Terra_sweep.M_SphereChromaWisps_Terra_sweep","49","0","41","1","0.000000","0","0"
"/Game/Assets/Enemy/Mutant/mutant_M.mutant_M","49","0","11","1","0.000000","0","0"
"/Game/BossAIToolkit/Demo/FX/Materials/Debris/M_DebrisChunks_FakeLit.M_DebrisChunks_FakeLit","49","0","29","1","0.000000","0","0"
"/Game/BossAIToolkit/Demo/FX/Materials/Debris/M_Rock_Dissolve.M_Rock_Dissolve","49","0","78","1","0.000000","0","0"
"/Game/BossAIToolkit/Demo/FX/Materials/Flares/M_Cone_Flare_Master.M_Cone_Flare_Master","49","0","26","1","0.000000","0","0"
"/Game/BossAIToolkit/Demo/FX/Materials/Flares/M_Flare_Master.M_Flare_Master","49","0","28","1","0.000000","0","0"
"/Game/BossAIToolkit/Demo/FX/Materials/Flares/M_Shockwave_Core.M_Shockwave_Core","49","0","19","1","0.000000","0","0"
"/Game/BossAIToolkit/Demo/FX/Materials/Environment/Snow/M_Snow_SubUV_.M_Snow_SubUV_","49","0","29","1","0.000000","0","0"
"/Game/BossAIToolkit/Demo/FX/Materials/Shockwave/M_Rampage_Refract_Sphere.M_Rampage_Refract_Sphere","49","0","19","1","0.000000","0","0"
"/Game/BossAIToolkit/Demo/FX/Materials/Flares/M_Lensflare_TB_Soft.M_Lensflare_TB_Soft","49","0","20","1","0.000000","0","0"
"/Game/BossAIToolkit/Demo/FX/Materials/Flares/M_ArrowFlare.M_ArrowFlare","49","0","20","1","0.000000","0","0"
"/Game/MilitaryWeapDark/FX/Materials/M_Pistol_Streaks_01.M_Pistol_Streaks_01","49","0","20","1","0.000000","0","0"
"/Game/MilitaryWeapDark/FX/Materials/M_AssaultRifle_MuzzleFlash_4x1.M_AssaultRifle_MuzzleFlash_4x1","49","0","20","1","0.000000","0","0"
"/Game/MilitaryWeapDark/FX/Materials/M_Pistol_Smoke_2x2_A.M_Pistol_Smoke_2x2_A","49","0","29","1","0.000000","0","0"
"/Game/MilitaryWeapDark/FX/Materials/M_GlowSphere_01.M_GlowSphere_01","49","0","25","1","0.000000","0","0"
"/Game/MilitaryWeapDark/Weapons/Materials/M_WeaponMaster_01.M_WeaponMaster_01","49","0","11","1","0.000000","0","0"
"/Game/BossAIToolkit/Demo/FX/Materials/Smoke/WispySmokeSoft/M_ShadowSwirls_v2.M_ShadowSwirls_v2","49","0","20","1","0.000000","0","0"
"/Game/BossAIToolkit/Demo/FX/Materials/Energy/M_SoulHand4.M_SoulHand4","49","0","25","1","0.000000","0","0"
"/Game/BossAIToolkit/Demo/FX/Materials/Fire/M_Shockwave.M_Shockwave","49","0","49","1","0.000000","0","0"
"/Game/BossAIToolkit/Demo/FX/Materials/Shockwave/M_ShockwaveFlame.M_ShockwaveFlame","49","0","19","1","0.000000","0","0"
"/Game/BossAIToolkit/Demo/FX/Materials/Sparks/M_Spark_VelocityLerp.M_Spark_VelocityLerp","49","0","44","1","0.000000","0","0"
"/Game/BossAIToolkit/Demo/FX/Materials/Smoke/WispySmokeSoft/M_ShadowSwirls_v1.M_ShadowSwirls_v1","49","0","29","1","0.000000","0","0"
"/Game/BossAIToolkit/Demo/FX/Materials/Smoke/M_ShadowSwirls_Masked.M_ShadowSwirls_Masked","49","0","60","1","0.000000","0","0"
"/Game/BossAIToolkit/Demo/FX/Materials/Smoke/M_Rampage_Smoke_Cheaper.M_Rampage_Smoke_Cheaper","49","0","29","1","0.000000","0","0"
"/Game/BossAIToolkit/Demo/FX/Materials/Heroes/M_Terra_Smoke_Cheaper.M_Terra_Smoke_Cheaper","49","0","29","1","0.000000","0","0"
"/Engine/EngineMaterials/DefaultParticle.DefaultParticle","49","0","116","1","0.000000","0","0"
"/Game/BossAIToolkit/Demo/FX/Materials/Sparks/M_Hotdog_Spark_VLerp_CameraStretch.M_Hotdog_Spark_VLerp_CameraStretch","49","0","20","1","0.000000","0","0"
"/Game/BossAIToolkit/Demo/FX/Materials/Sparks/M_Hotdog_Spark_VLerp_MASTER.M_Hotdog_Spark_VLerp_MASTER","49","0","28","1","0.000000","0","0"
"/Game/BossAIToolkit/Demo/FX/Materials/Heroes/M_SparksPhoto.M_SparksPhoto","49","0","28","1","0.000000","0","0"
"/Game/BossAIToolkit/Demo/FX/Materials/Heroes/M_Terra_Halo.M_Terra_Halo","49","0","33","1","0.000000","0","0"
"/Engine/EngineMaterials/DefaultPostProcessMaterial.DefaultPostProcessMaterial","49","0","8","1","0.000000","0","0"
"/Engine/EngineDebugMaterials/M_VolumeRenderSphereTracePP.M_VolumeRenderSphereTracePP","49","0","6","1","0.000000","0","0"
"/Game/BossAIToolkit/Demo/DemoRoom/Materials/M_DemoWall.M_DemoWall","49","0","26","1","0.000000","0","0"
"/Engine/EngineMaterials/PhAT_JointLimitMaterial.PhAT_JointLimitMaterial","49","0","14","1","0.000000","0","0"
"/Engine/EditorLandscapeResources/LayerVisMaterial.LayerVisMaterial","49","0","7","1","0.000000","0","0"
"/Engine/EngineMaterials/DefaultTextMaterialOpaque.DefaultTextMaterialOpaque","49","0","24","1","0.000000","0","0"
"/Game/BossAIToolkit/Demo/DemoRoom/Materials/M_LightTube.M_LightTube","49","0","7","1","0.000000","0","0"
"/Engine/EditorMaterials/PreviewShadowIndicatorMaterial.PreviewShadowIndicatorMaterial","49","0","66","1","0.000000","0","0"
"/Game/BossAIToolkit/Demo/DemoRoom/Materials/M_DefaultTextMaterialTranslucentUnlit.M_DefaultTextMaterialTranslucentUnlit","49","0","15","1","0.000000","0","0"
"/Engine/VREditor/TransformGizmo/TransformGizmoMaterial.TransformGizmoMaterial","49","0","7","1","0.000000","0","0"
"/ControlRig/M_Manip.M_Manip","49","0","14","1","0.000000","0","0"
"/Engine/EditorLandscapeResources/ColorMaskBrushMaterial.ColorMaskBrushMaterial","49","0","10","1","0.000000","0","0"
"/Engine/EditorLandscapeResources/LandscapeDirtyMaterial.LandscapeDirtyMaterial","49","0","10","1","0.000000","0","0"
"/Engine/EngineMaterials/EmissiveMeshMaterial.EmissiveMeshMaterial","49","0","21","1","0.000000","0","0"
"/Engine/EngineMaterials/M_InvalidLightmapSettings.M_InvalidLightmapSettings","49","0","16","1","0.000000","0","0"
"/Engine/EngineMaterials/FlattenMaterial.FlattenMaterial","49","0","22","1","0.000000","0","0"
"/Engine/EngineMaterials/FlattenMaterial_VT.FlattenMaterial_VT","49","0","16","1","0.000000","0","0"
"/Engine/EngineMaterials/FlattenMaterial_WS_Normal_VT.FlattenMaterial_WS_Normal_VT","49","0","16","1","0.000000","0","0"
"/Game/BossAIToolkit/Demo/FX/Materials/Fire/m_flare_01.m_flare_01","49","0","25","1","0.000000","0","0"
"/Game/BossAIToolkit/Assets/Weapons/M_Weapons_Metal.M_Weapons_Metal","49","0","11","1","0.000000","0","0"
"/Game/BossAIToolkit/Assets/Weapons/M_Shield_Metal.M_Shield_Metal","49","0","11","1","0.000000","0","0"
"/Engine/EngineMaterials/DefaultDeferredDecalMaterial.DefaultDeferredDecalMaterial","49","0","44","1","0.000000","0","0"
"/HairStrands/Materials/HairDebugMaterial.HairDebugMaterial","49","0","79","1","0.000000","0","0"
"/Engine/EngineMaterials/WorldGridMaterial.WorldGridMaterial","49","0","1564","1","0.000000","0","0"
"/Engine/EngineMaterials/DefaultMaterial.DefaultMaterial","49","0","45","1","0.000000","0","0"
"/Game/BossAIToolkit/Assets/Weapons/M_Shield_Wood.M_Shield_Wood","49","0","11","1","0.000000","0","0"
"/Game/BossAIToolkit/Demo/M_Material_Base.M_Material_Base","49","0","14","1","0.000000","0","0"
"/Game/BossAIToolkit/Assets/Geometry/Meshes/M_CubeMaterial.M_CubeMaterial","49","0","8","1","0.000000","0","0"
"/Game/BossAIToolkit/Assets/Weapons/M_Wave.M_Wave","49","0","12","1","0.000000","0","0"
"/Game/BossAIToolkit/Assets/Weapons/M_Projectile_02.M_Projectile_02","49","0","8","1","0.000000","0","0"
"/Game/BossAIToolkit/Assets/Weapons/M_Projectile_01.M_Projectile_01","49","0","8","1","0.000000","0","0"
"/Game/Assets/Materials/WallMaterial.WallMaterial","49","0","12","1","0.000000","0","0"
"/Engine/EngineMaterials/PPM_DefaultCalibrationGrayscale.PPM_DefaultCalibrationGrayscale","49","0","6","1","0.000000","0","0"
"/Engine/EngineMaterials/PPM_DefaultCalibrationColor.PPM_DefaultCalibrationColor","49","0","6","1","0.000000","0","0"
"/CameraCalibrationCore/Materials/M_DefaultOddSquare.M_DefaultOddSquare","49","0","9","1","0.000000","0","0"
"/CameraCalibrationCore/Materials/M_DefaultEvenSquare.M_DefaultEvenSquare","49","0","9","1","0.000000","0","0"
"/Engine/VREditor/TransformGizmo/Main.Main","49","0","10","1","0.000000","0","0"
"/Engine/VREditor/TransformGizmo/Xray.Xray","49","0","8","1","0.000000","0","0"
"/Engine/EngineMaterials/DefaultLightFunctionMaterial.DefaultLightFunctionMaterial","49","0","66","1","0.000000","0","0"
"/Engine/EditorMaterials/Camera/CineMat.CineMat","49","0","14","1","0.000000","0","0"
"/Engine/EditorLandscapeResources/SplineEditorMeshMat.SplineEditorMeshMat","49","0","24","1","0.000000","0","0"
"/HairStrands/Materials/HairDefaultMaterial.HairDefaultMaterial","49","0","45","1","0.000000","0","0"
"/HairStrands/Materials/HairCardsDefaultMaterial.HairCardsDefaultMaterial","49","0","79","1","0.000000","0","0"
"/HairStrands/Materials/HairMeshesDefaultMaterial.HairMeshesDefaultMaterial","49","0","45","1","0.000000","0","0"
"/Engine/VREditor/TransformGizmo/TranslucentTransformGizmoMaterial.TranslucentTransformGizmoMaterial","49","0","10","1","0.000000","0","0"
"/Engine/EngineDebugMaterials/M_SimpleUnlitTranslucent.M_SimpleUnlitTranslucent","49","0","10","1","0.000000","0","0"
